{"cameraMode":{"drawMode":0,"name":"Shaded","section":"Shading Mode"},"sceneLighting":true,"audioPlay":false,"sceneViewState":{"m_AlwaysRefresh":false,"showFog":true,"showSkybox":true,"showFlares":true,"showImageEffects":true,"showParticleSystems":true,"showVisualEffectGraphs":true,"m_FxEnabled":true},"in2DMode":false,"pivot":{"x":-363.0972595214844,"y":32.33880615234375,"z":0.8719931244850159},"rotation":{"x":0.032719939947128299,"y":0.7004099488258362,"z":-0.032166704535484317,"w":0.7122734785079956},"size":9.852838516235352,"orthographic":true}