{"cameraMode":{"drawMode":0,"name":"Shaded","section":"Shading Mode"},"sceneLighting":false,"audioPlay":false,"sceneViewState":{"m_AlwaysRefresh":false,"showFog":true,"showSkybox":false,"showFlares":true,"showImageEffects":true,"showParticleSystems":true,"showVisualEffectGraphs":true,"m_FxEnabled":true},"in2DMode":false,"pivot":{"x":42.180782318115237,"y":1.2301521301269532,"z":-0.6371041536331177},"rotation":{"x":0.7102213501930237,"y":0.009502365253865719,"z":-0.009588598273694516,"w":0.7038577198982239},"size":11.041054725646973,"orthographic":false}